IDADE,EQUIPE,ESCOVAÇÕES SUPERVISIONADAS,DATA ÚLTIMA ESCOVAÇÃO
6,EAP CHICO MENDES,,
6,EAP PLANALTO,,
6,EAP SANTA ANTONIETA,,
6,EAP SAO JUDAS,,
6,USF AEROPORTO,,
6,USF ALTANEIRA,,
6,USF ANIZ BADRA,,
6,USF ARGOLO FERRAO,,
6,USF AVENCAS/ AMADEU AMARAL,,
6,USF BANDEIRANTES,,
6,USF BANDEIRANTES II,,
6,USF CAMPO BELO,,
6,USF COSTA E SILVA,,
6,USF COSTA E SILVA II,,
6,USF FIGUERINHA,,
6,USF FLAMINGO,,
6,USF JANIO QUADROS,,
6,USF JARDIM AMERICA IV,,
6,USF JARDIM CAVALARI,,
6,USF JARDIM MARACA,,
6,USF JARDIM MARACA II,,
6,USF JARDIM MARILIA,,
6,USF JARDIM RENATA,,
6,USF JARDIM TERUEL,,
6,USF JK,,
6,USF JK II,,
6,USF JOQUEY CLUBE,,
6,USF JULIETA,,
6,USF LACIO,,
6,USF LEONEL DE MOURA BRIZOLA,,
6,USF LILIANA,,
6,USF MARAJO,,
6,USF NOVO HORIZONTE,,
6,USF PADRE NOBREGA,,
6,USF PADRE NOBREGA II,,
6,USF PALMITAL,,
6,USF PARQUE DOS IPES,,
6,USF PRIMAVERA/ NACOES/NOVA ALMEIDA,,
6,USF PRIMEIRO DE MAIO,,
6,USF ROSALIA,,
6,USF SANTA ANTONIETA II,,
6,USF SANTA ANTONIETA III,,
6,USF SANTA AUGUSTA,,
6,USF SANTA PAULA,,
6,USF SAO BENTO,,
6,USF SAO MIGUEL,,
6,USF SAO MIGUEL II,,
6,USF TOFOLI,,
6,USF TRES LAGOS,,
6,USF VIDA NOVA MARACA,,
6,USF VILA BARROS,,
6,USF VILA HIPICA,,
6,USF VILA NOVA,,
6,USF VILA REAL,,
6,USF SANTA AUGUSTA,1,2025-05-06 00:00:00
6,USF SAO BENTO,1,2025-05-06 00:00:00
6,USF TOFOLI,1,2025-05-06 00:00:00
6,USF SANTA AUGUSTA,1,2025-05-07 00:00:00
6,USF SAO BENTO,1,2025-05-07 00:00:00
6,USF SANTA AUGUSTA,1,2025-05-08 00:00:00
6,USF LEONEL DE MOURA BRIZOLA,1,2025-05-13 00:00:00
6,USF SANTA AUGUSTA,1,2025-05-13 00:00:00
6,USF TOFOLI,1,2025-05-13 00:00:00
6,USF VILA HIPICA,1,2025-05-13 00:00:00
6,USF COSTA E SILVA,1,2025-05-14 00:00:00
6,USF JARDIM MARACA,1,2025-05-14 00:00:00
6,USF TOFOLI,1,2025-05-14 00:00:00
6,USF COSTA E SILVA,1,2025-05-16 00:00:00
6,USF MARAJO,1,2025-05-16 00:00:00
6,USF SANTA AUGUSTA,1,2025-05-16 00:00:00
6,USF SAO BENTO,1,2025-05-16 00:00:00
6,USF TRES LAGOS,1,2025-05-16 00:00:00
6,USF VILA HIPICA,1,2025-05-16 00:00:00
6,USF FIGUERINHA,1,2025-05-19 00:00:00
6,USF JARDIM MARILIA,1,2025-05-19 00:00:00
6,USF JK,1,2025-05-19 00:00:00
6,USF PRIMEIRO DE MAIO,1,2025-05-19 00:00:00
6,USF SANTA AUGUSTA,1,2025-05-19 00:00:00
6,USF SAO BENTO,1,2025-05-19 00:00:00
6,USF VIDA NOVA MARACA,1,2025-05-19 00:00:00
6,USF VILA HIPICA,1,2025-05-19 00:00:00
6,USF VILA REAL,1,2025-05-19 00:00:00
6,USF FIGUERINHA,1,2025-05-20 00:00:00
6,USF JOQUEY CLUBE,1,2025-05-20 00:00:00
6,USF PRIMAVERA/ NACOES/NOVA ALMEIDA,1,2025-05-20 00:00:00
6,USF PRIMEIRO DE MAIO,1,2025-05-20 00:00:00
6,USF SANTA AUGUSTA,1,2025-05-20 00:00:00
6,USF SANTA PAULA,1,2025-05-20 00:00:00
6,USF VILA HIPICA,1,2025-05-20 00:00:00
6,USF FIGUERINHA,1,2025-05-21 00:00:00
6,USF PRIMEIRO DE MAIO,1,2025-05-21 00:00:00
6,USF JARDIM AMERICA IV,1,2025-06-03 00:00:00
6,USF BANDEIRANTES,1,2025-06-04 00:00:00
6,USF BANDEIRANTES II,1,2025-06-04 00:00:00
6,USF JARDIM AMERICA IV,1,2025-06-04 00:00:00
6,USF LILIANA,1,2025-06-04 00:00:00
6,USF PADRE NOBREGA II,1,2025-06-04 00:00:00
6,USF JARDIM MARACA II,1,2025-06-05 00:00:00
6,USF JARDIM MARILIA,1,2025-06-05 00:00:00
6,USF SAO MIGUEL II,1,2025-06-05 00:00:00
6,USF ARGOLO FERRAO,1,2025-06-10 00:00:00
6,USF FLAMINGO,1,2025-06-10 00:00:00
6,USF JARDIM MARILIA,1,2025-06-10 00:00:00
6,EAP CHICO MENDES,1,2025-06-11 00:00:00
6,USF ARGOLO FERRAO,1,2025-06-11 00:00:00
6,USF JARDIM MARILIA,1,2025-06-11 00:00:00
6,USF JARDIM TERUEL,1,2025-06-11 00:00:00
6,USF SANTA PAULA,1,2025-06-11 00:00:00
6,EAP CHICO MENDES,1,2025-06-12 00:00:00
6,USF ARGOLO FERRAO,1,2025-06-12 00:00:00
6,USF JARDIM MARILIA,1,2025-06-12 00:00:00
6,USF JARDIM TERUEL,1,2025-06-12 00:00:00
6,USF ARGOLO FERRAO,1,2025-06-13 00:00:00
6,USF FLAMINGO,1,2025-06-13 00:00:00
6,USF JARDIM CAVALARI,1,2025-06-13 00:00:00
6,EAP CHICO MENDES,1,2025-06-16 00:00:00
6,USF ARGOLO FERRAO,1,2025-06-16 00:00:00
6,USF FLAMINGO,1,2025-06-16 00:00:00
6,USF JARDIM TERUEL,1,2025-06-18 00:00:00
6,USF ARGOLO FERRAO,1,2025-06-23 00:00:00
6,USF JARDIM TERUEL,1,2025-06-23 00:00:00
6,EAP CHICO MENDES,1,2025-06-24 00:00:00
6,USF FLAMINGO,1,2025-06-24 00:00:00
6,USF JARDIM TERUEL,1,2025-06-24 00:00:00
6,USF SANTA PAULA,1,2025-06-26 00:00:00
6,USF CAMPO BELO,1,2025-06-30 00:00:00
6,USF PARQUE DOS IPES,1,2025-07-03 00:00:00
6,USF TOFOLI,1,2025-07-03 00:00:00
6,USF VIDA NOVA MARACA,1,2025-07-03 00:00:00
6,USF VILA REAL,1,2025-07-03 00:00:00
6,USF JULIETA,1,2025-07-14 00:00:00
6,USF PRIMEIRO DE MAIO,1,2025-07-14 00:00:00
6,USF SANTA ANTONIETA III,1,2025-07-14 00:00:00
6,EAP SANTA ANTONIETA,1,2025-07-15 00:00:00
6,USF JANIO QUADROS,1,2025-07-15 00:00:00
6,USF JARDIM AMERICA IV,1,2025-07-15 00:00:00
6,USF JARDIM MARACA II,1,2025-07-15 00:00:00
6,USF PADRE NOBREGA II,1,2025-07-15 00:00:00
6,USF PRIMEIRO DE MAIO,1,2025-07-15 00:00:00
6,USF SANTA ANTONIETA III,1,2025-07-15 00:00:00
6,EAP SANTA ANTONIETA,1,2025-07-16 00:00:00
6,USF ANIZ BADRA,1,2025-07-16 00:00:00
6,USF ARGOLO FERRAO,1,2025-07-16 00:00:00
6,USF BANDEIRANTES II,1,2025-07-16 00:00:00
6,USF JARDIM MARACA,1,2025-07-16 00:00:00
6,USF JK,1,2025-07-16 00:00:00
6,USF JULIETA,1,2025-07-16 00:00:00
6,USF PADRE NOBREGA,1,2025-07-16 00:00:00
6,USF SANTA ANTONIETA III,1,2025-07-16 00:00:00
6,EAP SANTA ANTONIETA,1,2025-07-17 00:00:00
6,USF BANDEIRANTES II,1,2025-07-17 00:00:00
6,USF JARDIM AMERICA IV,1,2025-07-17 00:00:00
6,USF JULIETA,1,2025-07-17 00:00:00
6,USF PARQUE DOS IPES,1,2025-07-17 00:00:00
6,USF PRIMEIRO DE MAIO,1,2025-07-17 00:00:00
6,USF SANTA ANTONIETA III,1,2025-07-17 00:00:00
6,USF SAO MIGUEL,1,2025-07-17 00:00:00
6,USF SAO MIGUEL II,1,2025-07-17 00:00:00
6,USF VIDA NOVA MARACA,1,2025-07-17 00:00:00
6,USF JARDIM AMERICA IV,1,2025-07-21 00:00:00
6,USF JARDIM CAVALARI,1,2025-07-21 00:00:00
6,USF PALMITAL,1,2025-07-21 00:00:00
6,USF SAO MIGUEL II,1,2025-07-21 00:00:00
6,USF JARDIM AMERICA IV,1,2025-07-22 00:00:00
6,USF PRIMEIRO DE MAIO,1,2025-07-22 00:00:00
6,USF ARGOLO FERRAO,1,2025-07-23 00:00:00
6,USF BANDEIRANTES,1,2025-07-23 00:00:00
6,USF BANDEIRANTES II,1,2025-07-23 00:00:00
6,USF JARDIM AMERICA IV,1,2025-07-23 00:00:00
6,USF JARDIM TERUEL,1,2025-07-23 00:00:00
6,USF PARQUE DOS IPES,1,2025-07-23 00:00:00
6,USF BANDEIRANTES,1,2025-07-24 00:00:00
6,USF BANDEIRANTES II,1,2025-07-24 00:00:00
6,USF PARQUE DOS IPES,1,2025-07-30 00:00:00
6,USF SANTA AUGUSTA,1,2025-07-30 00:00:00
6,USF VIDA NOVA MARACA,1,2025-07-30 00:00:00
6,USF VILA REAL,1,2025-07-30 00:00:00
6,USF PARQUE DOS IPES,1,2025-07-31 00:00:00
6,USF SAO BENTO,1,2025-07-31 00:00:00
6,USF VILA REAL,1,2025-07-31 00:00:00
6,USF VILA REAL,1,2025-08-01 00:00:00
6,USF PARQUE DOS IPES,1,2025-08-04 00:00:00
6,USF SANTA AUGUSTA,1,2025-08-04 00:00:00
6,USF TOFOLI,1,2025-08-04 00:00:00
6,USF VILA REAL,1,2025-08-04 00:00:00
6,USF PARQUE DOS IPES,1,2025-08-05 00:00:00
6,USF VILA REAL,1,2025-08-05 00:00:00
6,USF COSTA E SILVA II,1,2025-08-22 00:00:00
6,USF VILA REAL,1,2025-08-22 00:00:00
6,USF COSTA E SILVA,1,2025-08-25 00:00:00
6,USF TOFOLI,1,2025-08-25 00:00:00
6,USF VILA HIPICA,1,2025-08-25 00:00:00
6,USF VILA REAL,1,2025-08-25 00:00:00
6,USF COSTA E SILVA,1,2025-08-26 00:00:00
6,USF COSTA E SILVA II,1,2025-08-26 00:00:00
6,USF MARAJO,1,2025-08-26 00:00:00
6,USF TRES LAGOS,2,2025-07-30 00:00:00
6,USF CAMPO BELO,3,2025-07-30 00:00:00
6,USF SANTA PAULA,3,2025-08-27 00:00:00
6,USF COSTA E SILVA,4,2025-08-27 00:00:00
6,USF MARAJO,4,2025-08-27 00:00:00
6,USF SANTA PAULA,4,2025-08-27 00:00:00
7,EAP CHICO MENDES,,
7,EAP PLANALTO,,
7,EAP SANTA ANTONIETA,,
7,EAP SAO JUDAS,,
7,USF AEROPORTO,,
7,USF ALTANEIRA,,
7,USF ANIZ BADRA,,
7,USF ARGOLO FERRAO,,
7,USF AVENCAS/ AMADEU AMARAL,,
7,USF BANDEIRANTES,,
7,USF BANDEIRANTES II,,
7,USF CAMPO BELO,,
7,USF COSTA E SILVA,,
7,USF COSTA E SILVA II,,
7,USF FIGUERINHA,,
7,USF FLAMINGO,,
7,USF JANIO QUADROS,,
7,USF JARDIM AMERICA IV,,
7,USF JARDIM CAVALARI,,
7,USF JARDIM MARACA,,
7,USF JARDIM MARACA II,,
7,USF JARDIM MARILIA,,
7,USF JARDIM RENATA,,
7,USF JARDIM TERUEL,,
7,USF JK,,
7,USF JK II,,
7,USF JOQUEY CLUBE,,
7,USF JULIETA,,
7,USF LACIO,,
7,USF LEONEL DE MOURA BRIZOLA,,
7,USF LILIANA,,
7,USF MARAJO,,
7,USF NOVO HORIZONTE,,
7,USF PADRE NOBREGA,,
7,USF PADRE NOBREGA II,,
7,USF PALMITAL,,
7,USF PARQUE DOS IPES,,
7,USF PRIMAVERA/ NACOES/NOVA ALMEIDA,,
7,USF PRIMEIRO DE MAIO,,
7,USF ROSALIA,,
7,USF SANTA ANTONIETA II,,
7,USF SANTA ANTONIETA III,,
7,USF SANTA AUGUSTA,,
7,USF SANTA PAULA,,
7,USF SAO BENTO,,
7,USF SAO MIGUEL,,
7,USF SAO MIGUEL II,,
7,USF TOFOLI,,
7,USF TRES LAGOS,,
7,USF VIDA NOVA MARACA,,
7,USF VILA BARROS,,
7,USF VILA HIPICA,,
7,USF VILA NOVA,,
7,USF VILA REAL,,
7,USF SANTA AUGUSTA,1,2025-05-13 00:00:00
7,USF SAO BENTO,1,2025-05-13 00:00:00
7,USF LEONEL DE MOURA BRIZOLA,1,2025-05-14 00:00:00
7,USF SANTA AUGUSTA,1,2025-05-14 00:00:00
7,EAP PLANALTO,1,2025-05-15 00:00:00
7,USF SANTA AUGUSTA,1,2025-05-15 00:00:00
7,USF COSTA E SILVA,1,2025-05-16 00:00:00
7,USF FLAMINGO,1,2025-05-16 00:00:00
7,USF LEONEL DE MOURA BRIZOLA,1,2025-05-16 00:00:00
7,USF PADRE NOBREGA,1,2025-05-16 00:00:00
7,USF SANTA AUGUSTA,1,2025-05-16 00:00:00
7,USF SAO BENTO,1,2025-05-16 00:00:00
7,EAP SANTA ANTONIETA,1,2025-05-19 00:00:00
7,USF COSTA E SILVA,1,2025-05-19 00:00:00
7,USF COSTA E SILVA II,1,2025-05-19 00:00:00
7,USF FIGUERINHA,1,2025-05-19 00:00:00
7,USF JANIO QUADROS,1,2025-05-19 00:00:00
7,USF JARDIM CAVALARI,1,2025-05-19 00:00:00
7,USF JULIETA,1,2025-05-19 00:00:00
7,USF PARQUE DOS IPES,1,2025-05-19 00:00:00
7,USF PRIMEIRO DE MAIO,1,2025-05-19 00:00:00
7,USF SANTA ANTONIETA II,1,2025-05-19 00:00:00
7,USF SANTA AUGUSTA,1,2025-05-19 00:00:00
7,USF SAO BENTO,1,2025-05-19 00:00:00
7,USF ANIZ BADRA,1,2025-05-20 00:00:00
7,USF COSTA E SILVA II,1,2025-05-20 00:00:00
7,USF FIGUERINHA,1,2025-05-20 00:00:00
7,USF JK,1,2025-05-20 00:00:00
7,USF PRIMEIRO DE MAIO,1,2025-05-20 00:00:00
7,USF TOFOLI,1,2025-05-20 00:00:00
7,USF ANIZ BADRA,1,2025-05-21 00:00:00
7,USF ARGOLO FERRAO,1,2025-05-21 00:00:00
7,USF FIGUERINHA,1,2025-05-21 00:00:00
7,USF FLAMINGO,1,2025-05-21 00:00:00
7,USF JARDIM CAVALARI,1,2025-05-21 00:00:00
7,USF PRIMEIRO DE MAIO,1,2025-05-21 00:00:00
7,USF SANTA ANTONIETA II,1,2025-05-21 00:00:00
7,USF FIGUERINHA,1,2025-05-22 00:00:00
7,USF FLAMINGO,1,2025-05-22 00:00:00
7,USF JANIO QUADROS,1,2025-05-22 00:00:00
7,USF JARDIM CAVALARI,1,2025-05-22 00:00:00
7,USF PRIMEIRO DE MAIO,1,2025-05-22 00:00:00
7,USF FIGUERINHA,1,2025-05-23 00:00:00
7,USF FLAMINGO,1,2025-05-23 00:00:00
7,USF JARDIM CAVALARI,1,2025-05-23 00:00:00
7,USF PRIMEIRO DE MAIO,1,2025-05-23 00:00:00
7,USF VIDA NOVA MARACA,1,2025-05-23 00:00:00
7,EAP CHICO MENDES,1,2025-05-26 00:00:00
7,USF FLAMINGO,1,2025-05-26 00:00:00
7,USF JARDIM CAVALARI,1,2025-05-26 00:00:00
7,USF JK,1,2025-05-26 00:00:00
7,USF PRIMEIRO DE MAIO,1,2025-05-26 00:00:00
7,USF BANDEIRANTES,1,2025-06-03 00:00:00
7,USF BANDEIRANTES II,1,2025-06-03 00:00:00
7,USF JARDIM AMERICA IV,1,2025-06-03 00:00:00
7,USF JARDIM MARACA II,1,2025-06-03 00:00:00
7,USF JULIETA,1,2025-06-03 00:00:00
7,USF PALMITAL,1,2025-06-03 00:00:00
7,USF SAO MIGUEL,1,2025-06-03 00:00:00
7,USF SAO MIGUEL II,1,2025-06-03 00:00:00
7,USF VILA NOVA,1,2025-06-03 00:00:00
7,EAP SANTA ANTONIETA,1,2025-06-04 00:00:00
7,USF BANDEIRANTES,1,2025-06-04 00:00:00
7,USF BANDEIRANTES II,1,2025-06-04 00:00:00
7,USF COSTA E SILVA,1,2025-06-04 00:00:00
7,USF JARDIM AMERICA IV,1,2025-06-04 00:00:00
7,USF JARDIM MARACA II,1,2025-06-04 00:00:00
7,USF JARDIM RENATA,1,2025-06-04 00:00:00
7,USF PRIMAVERA/ NACOES/NOVA ALMEIDA,1,2025-06-04 00:00:00
7,USF SAO MIGUEL,1,2025-06-04 00:00:00
7,USF SAO MIGUEL II,1,2025-06-04 00:00:00
7,USF TRES LAGOS,1,2025-06-04 00:00:00
7,EAP SAO JUDAS,1,2025-06-05 00:00:00
7,USF JARDIM AMERICA IV,1,2025-06-05 00:00:00
7,USF JARDIM MARACA II,1,2025-06-05 00:00:00
7,USF SAO MIGUEL,1,2025-06-05 00:00:00
7,USF SAO MIGUEL,1,2025-06-06 00:00:00
7,USF VIDA NOVA MARACA,1,2025-06-06 00:00:00
7,USF VILA REAL,1,2025-06-06 00:00:00
7,EAP SANTA ANTONIETA,1,2025-06-09 00:00:00
7,USF JARDIM AMERICA IV,1,2025-06-09 00:00:00
7,USF SAO MIGUEL,1,2025-06-09 00:00:00
7,USF SAO MIGUEL II,1,2025-06-09 00:00:00
7,USF JARDIM AMERICA IV,1,2025-06-10 00:00:00
7,USF JARDIM MARILIA,1,2025-06-10 00:00:00
7,EAP SAO JUDAS,1,2025-06-11 00:00:00
7,USF SAO MIGUEL,1,2025-06-11 00:00:00
7,USF TRES LAGOS,1,2025-06-26 00:00:00
7,USF VILA HIPICA,1,2025-06-26 00:00:00
7,USF PARQUE DOS IPES,1,2025-07-03 00:00:00
7,USF SAO BENTO,1,2025-07-03 00:00:00
7,USF TOFOLI,1,2025-07-03 00:00:00
7,USF VILA REAL,1,2025-07-03 00:00:00
7,USF LEONEL DE MOURA BRIZOLA,1,2025-07-04 00:00:00
7,USF VILA REAL,1,2025-07-04 00:00:00
7,EAP SANTA ANTONIETA,1,2025-07-14 00:00:00
7,USF CAMPO BELO,1,2025-07-14 00:00:00
7,USF JARDIM MARACA,1,2025-07-14 00:00:00
7,USF JULIETA,1,2025-07-14 00:00:00
7,USF LILIANA,1,2025-07-14 00:00:00
7,USF PADRE NOBREGA II,1,2025-07-14 00:00:00
7,USF PALMITAL,1,2025-07-14 00:00:00
7,USF SANTA ANTONIETA III,1,2025-07-14 00:00:00
7,EAP SANTA ANTONIETA,1,2025-07-15 00:00:00
7,USF JARDIM MARACA II,1,2025-07-15 00:00:00
7,USF JULIETA,1,2025-07-15 00:00:00
7,USF LILIANA,1,2025-07-15 00:00:00
7,USF SANTA ANTONIETA III,1,2025-07-15 00:00:00
7,USF VIDA NOVA MARACA,1,2025-07-15 00:00:00
7,EAP SANTA ANTONIETA,1,2025-07-16 00:00:00
7,USF FLAMINGO,1,2025-07-16 00:00:00
7,USF JARDIM RENATA,1,2025-07-16 00:00:00
7,USF JULIETA,1,2025-07-16 00:00:00
7,USF SANTA ANTONIETA III,1,2025-07-16 00:00:00
7,USF VILA BARROS,1,2025-07-16 00:00:00
7,EAP SANTA ANTONIETA,1,2025-07-17 00:00:00
7,USF JANIO QUADROS,1,2025-07-17 00:00:00
7,USF JARDIM RENATA,1,2025-07-17 00:00:00
7,USF JULIETA,1,2025-07-17 00:00:00
7,USF LILIANA,1,2025-07-17 00:00:00
7,USF PADRE NOBREGA II,1,2025-07-17 00:00:00
7,USF SANTA ANTONIETA III,1,2025-07-17 00:00:00
7,USF PADRE NOBREGA II,1,2025-07-18 00:00:00
7,USF SANTA ANTONIETA III,1,2025-07-18 00:00:00
7,USF VIDA NOVA MARACA,1,2025-07-18 00:00:00
7,USF JULIETA,1,2025-07-21 00:00:00
7,USF LILIANA,1,2025-07-21 00:00:00
7,USF PADRE NOBREGA II,1,2025-07-21 00:00:00
7,USF SANTA ANTONIETA III,1,2025-07-21 00:00:00
7,EAP SANTA ANTONIETA,1,2025-07-22 00:00:00
7,USF JULIETA,1,2025-07-22 00:00:00
7,USF SANTA ANTONIETA III,1,2025-07-22 00:00:00
7,EAP SAO JUDAS,1,2025-07-23 00:00:00
7,USF FIGUERINHA,1,2025-07-23 00:00:00
7,USF JARDIM MARACA,1,2025-07-23 00:00:00
7,USF JARDIM MARACA II,1,2025-07-23 00:00:00
7,USF JARDIM RENATA,1,2025-07-23 00:00:00
7,USF PRIMEIRO DE MAIO,1,2025-07-23 00:00:00
7,USF JARDIM TERUEL,1,2025-08-11 00:00:00
7,USF ARGOLO FERRAO,1,2025-08-12 00:00:00
7,USF JARDIM CAVALARI,1,2025-08-12 00:00:00
7,USF JARDIM TERUEL,1,2025-08-12 00:00:00
7,USF TRES LAGOS,1,2025-08-12 00:00:00
7,USF ARGOLO FERRAO,1,2025-08-13 00:00:00
7,USF JARDIM TERUEL,1,2025-08-13 00:00:00
7,USF COSTA E SILVA,1,2025-08-22 00:00:00
7,USF COSTA E SILVA II,1,2025-08-22 00:00:00
7,USF JANIO QUADROS,1,2025-08-22 00:00:00
7,USF JK II,1,2025-08-22 00:00:00
7,USF SAO BENTO,1,2025-08-22 00:00:00
7,USF TOFOLI,1,2025-08-22 00:00:00
7,USF VILA REAL,1,2025-08-22 00:00:00
7,USF COSTA E SILVA,1,2025-08-25 00:00:00
7,USF COSTA E SILVA II,1,2025-08-25 00:00:00
7,USF TOFOLI,1,2025-08-25 00:00:00
7,USF VILA HIPICA,1,2025-08-25 00:00:00
7,USF VILA REAL,1,2025-08-25 00:00:00
7,EAP PLANALTO,1,2025-08-26 00:00:00
7,USF COSTA E SILVA,1,2025-08-26 00:00:00
7,USF COSTA E SILVA II,1,2025-08-26 00:00:00
7,USF SAO BENTO,1,2025-08-26 00:00:00
7,USF TOFOLI,1,2025-08-26 00:00:00
7,USF VILA REAL,1,2025-08-26 00:00:00
7,USF COSTA E SILVA,1,2025-08-27 00:00:00
7,USF MARAJO,1,2025-08-27 00:00:00
7,USF VILA HIPICA,1,2025-08-27 00:00:00
7,USF COSTA E SILVA II,1,2025-08-28 00:00:00
7,USF SANTA AUGUSTA,1,2025-08-28 00:00:00
7,USF TOFOLI,1,2025-08-28 00:00:00
7,USF VILA REAL,1,2025-08-28 00:00:00
7,USF COSTA E SILVA II,1,2025-08-29 00:00:00
7,USF TOFOLI,1,2025-08-29 00:00:00
7,USF VILA REAL,1,2025-08-29 00:00:00
7,USF JARDIM MARACA,2,2025-07-30 00:00:00
7,USF SANTA PAULA,2,2025-07-30 00:00:00
7,USF SANTA PAULA,2,2025-08-27 00:00:00
7,USF CAMPO BELO,3,2025-07-30 00:00:00
7,USF JOQUEY CLUBE,3,2025-07-30 00:00:00
7,USF MARAJO,3,2025-07-30 00:00:00
7,USF SANTA PAULA,3,2025-07-30 00:00:00
7,USF MARAJO,3,2025-08-27 00:00:00
7,USF SANTA PAULA,3,2025-08-27 00:00:00
7,USF TRES LAGOS,3,2025-08-27 00:00:00
7,USF JARDIM CAVALARI,4,2025-08-27 00:00:00
7,USF JOQUEY CLUBE,4,2025-08-27 00:00:00
7,USF JULIETA,4,2025-08-27 00:00:00
7,USF LACIO,4,2025-08-27 00:00:00
7,USF MARAJO,4,2025-08-27 00:00:00
7,USF SANTA PAULA,4,2025-08-27 00:00:00
7,USF TOFOLI,4,2025-08-27 00:00:00
7,USF VILA HIPICA,4,2025-08-27 00:00:00
8,EAP CHICO MENDES,,
8,EAP PLANALTO,,
8,EAP SANTA ANTONIETA,,
8,EAP SAO JUDAS,,
8,USF AEROPORTO,,
8,USF ALTANEIRA,,
8,USF ANIZ BADRA,,
8,USF ARGOLO FERRAO,,
8,USF AVENCAS/ AMADEU AMARAL,,
8,USF BANDEIRANTES,,
8,USF BANDEIRANTES II,,
8,USF CAMPO BELO,,
8,USF COSTA E SILVA,,
8,USF COSTA E SILVA II,,
8,USF FIGUERINHA,,
8,USF FLAMINGO,,
8,USF JANIO QUADROS,,
8,USF JARDIM AMERICA IV,,
8,USF JARDIM CAVALARI,,
8,USF JARDIM MARACA,,
8,USF JARDIM MARACA II,,
8,USF JARDIM MARILIA,,
8,USF JARDIM RENATA,,
8,USF JARDIM TERUEL,,
8,USF JK,,
8,USF JK II,,
8,USF JOQUEY CLUBE,,
8,USF JULIETA,,
8,USF LACIO,,
8,USF LEONEL DE MOURA BRIZOLA,,
8,USF LILIANA,,
8,USF MARAJO,,
8,USF NOVO HORIZONTE,,
8,USF PADRE NOBREGA,,
8,USF PADRE NOBREGA II,,
8,USF PALMITAL,,
8,USF PARQUE DOS IPES,,
8,USF PRIMAVERA/ NACOES/NOVA ALMEIDA,,
8,USF PRIMEIRO DE MAIO,,
8,USF ROSALIA,,
8,USF SANTA ANTONIETA II,,
8,USF SANTA ANTONIETA III,,
8,USF SANTA AUGUSTA,,
8,USF SANTA PAULA,,
8,USF SAO BENTO,,
8,USF SAO MIGUEL,,
8,USF SAO MIGUEL II,,
8,USF TOFOLI,,
8,USF TRES LAGOS,,
8,USF VIDA NOVA MARACA,,
8,USF VILA BARROS,,
8,USF VILA HIPICA,,
8,USF VILA NOVA,,
8,USF VILA REAL,,
8,USF JANIO QUADROS,1,2025-05-08 00:00:00
8,USF LEONEL DE MOURA BRIZOLA,1,2025-05-08 00:00:00
8,USF SANTA AUGUSTA,1,2025-05-08 00:00:00
8,USF SAO BENTO,1,2025-05-08 00:00:00
8,USF ARGOLO FERRAO,1,2025-05-09 00:00:00
8,USF SANTA AUGUSTA,1,2025-05-09 00:00:00
8,USF SAO BENTO,1,2025-05-09 00:00:00
8,USF SAO BENTO,1,2025-05-12 00:00:00
8,EAP SANTA ANTONIETA,1,2025-05-13 00:00:00
8,USF JARDIM MARILIA,1,2025-05-13 00:00:00
8,USF LEONEL DE MOURA BRIZOLA,1,2025-05-13 00:00:00
8,USF SANTA AUGUSTA,1,2025-05-13 00:00:00
8,USF SAO BENTO,1,2025-05-13 00:00:00
8,USF TOFOLI,1,2025-05-13 00:00:00
8,USF FLAMINGO,1,2025-05-14 00:00:00
8,USF LEONEL DE MOURA BRIZOLA,1,2025-05-14 00:00:00
8,USF PARQUE DOS IPES,1,2025-05-14 00:00:00
8,USF SANTA AUGUSTA,1,2025-05-14 00:00:00
8,USF SAO BENTO,1,2025-05-14 00:00:00
8,USF FLAMINGO,1,2025-05-15 00:00:00
8,USF SANTA AUGUSTA,1,2025-05-15 00:00:00
8,USF SAO BENTO,1,2025-05-15 00:00:00
8,EAP CHICO MENDES,1,2025-05-21 00:00:00
8,USF AVENCAS/ AMADEU AMARAL,1,2025-05-21 00:00:00
8,USF FLAMINGO,1,2025-05-21 00:00:00
8,USF JARDIM CAVALARI,1,2025-05-21 00:00:00
8,EAP CHICO MENDES,1,2025-05-22 00:00:00
8,USF FIGUERINHA,1,2025-05-22 00:00:00
8,USF FLAMINGO,1,2025-05-22 00:00:00
8,USF JARDIM CAVALARI,1,2025-05-22 00:00:00
8,USF JARDIM MARACA,1,2025-05-22 00:00:00
8,USF PRIMEIRO DE MAIO,1,2025-05-22 00:00:00
8,USF VILA NOVA,1,2025-05-22 00:00:00
8,USF ANIZ BADRA,1,2025-05-23 00:00:00
8,USF ARGOLO FERRAO,1,2025-05-23 00:00:00
8,USF FIGUERINHA,1,2025-05-23 00:00:00
8,USF FLAMINGO,1,2025-05-23 00:00:00
8,USF JARDIM AMERICA IV,1,2025-05-23 00:00:00
8,USF JARDIM CAVALARI,1,2025-05-23 00:00:00
8,USF NOVO HORIZONTE,1,2025-05-23 00:00:00
8,USF PRIMAVERA/ NACOES/NOVA ALMEIDA,1,2025-05-23 00:00:00
8,USF PRIMEIRO DE MAIO,1,2025-05-23 00:00:00
8,USF VIDA NOVA MARACA,1,2025-05-23 00:00:00
8,USF ARGOLO FERRAO,1,2025-05-26 00:00:00
8,USF FIGUERINHA,1,2025-05-26 00:00:00
8,USF FLAMINGO,1,2025-05-26 00:00:00
8,USF JARDIM CAVALARI,1,2025-05-26 00:00:00
8,USF JARDIM MARACA,1,2025-05-26 00:00:00
8,USF JARDIM MARACA II,1,2025-05-26 00:00:00
8,USF PRIMEIRO DE MAIO,1,2025-05-26 00:00:00
8,USF SANTA PAULA,1,2025-05-26 00:00:00
8,USF TOFOLI,1,2025-05-26 00:00:00
8,USF ANIZ BADRA,1,2025-05-27 00:00:00
8,USF FIGUERINHA,1,2025-05-27 00:00:00
8,USF FLAMINGO,1,2025-05-27 00:00:00
8,USF JARDIM CAVALARI,1,2025-05-27 00:00:00
8,USF JARDIM MARACA,1,2025-05-27 00:00:00
8,USF PRIMEIRO DE MAIO,1,2025-05-27 00:00:00
8,USF FIGUERINHA,1,2025-05-28 00:00:00
8,USF FLAMINGO,1,2025-05-28 00:00:00
8,USF JARDIM CAVALARI,1,2025-05-28 00:00:00
8,USF PRIMEIRO DE MAIO,1,2025-05-28 00:00:00
8,EAP CHICO MENDES,1,2025-05-29 00:00:00
8,USF ANIZ BADRA,1,2025-05-29 00:00:00
8,USF FIGUERINHA,1,2025-05-29 00:00:00
8,USF FLAMINGO,1,2025-05-29 00:00:00
8,USF PRIMEIRO DE MAIO,1,2025-05-29 00:00:00
8,USF FLAMINGO,1,2025-05-30 00:00:00
8,USF JARDIM CAVALARI,1,2025-05-30 00:00:00
8,USF JARDIM MARACA,1,2025-06-04 00:00:00
8,USF JARDIM RENATA,1,2025-06-04 00:00:00
8,USF ANIZ BADRA,1,2025-06-06 00:00:00
8,USF BANDEIRANTES,1,2025-06-06 00:00:00
8,USF BANDEIRANTES II,1,2025-06-06 00:00:00
8,USF JARDIM AMERICA IV,1,2025-06-06 00:00:00
8,USF JARDIM CAVALARI,1,2025-06-06 00:00:00
8,USF JARDIM TERUEL,1,2025-06-06 00:00:00
8,USF PRIMAVERA/ NACOES/NOVA ALMEIDA,1,2025-06-06 00:00:00
8,USF PRIMEIRO DE MAIO,1,2025-06-06 00:00:00
8,USF SANTA ANTONIETA III,1,2025-06-06 00:00:00
8,USF SAO MIGUEL II,1,2025-06-06 00:00:00
8,USF VILA NOVA,1,2025-06-06 00:00:00
8,USF BANDEIRANTES II,1,2025-06-09 00:00:00
8,USF FLAMINGO,1,2025-06-09 00:00:00
8,USF JARDIM MARACA II,1,2025-06-09 00:00:00
8,USF PRIMEIRO DE MAIO,1,2025-06-09 00:00:00
8,USF SAO MIGUEL,1,2025-06-09 00:00:00
8,USF SAO MIGUEL II,1,2025-06-09 00:00:00
8,USF BANDEIRANTES II,1,2025-06-10 00:00:00
8,USF JARDIM AMERICA IV,1,2025-06-10 00:00:00
8,USF JARDIM TERUEL,1,2025-06-10 00:00:00
8,USF JULIETA,1,2025-06-10 00:00:00
8,USF SAO MIGUEL,1,2025-06-10 00:00:00
8,USF SAO MIGUEL II,1,2025-06-10 00:00:00
8,USF VILA NOVA,1,2025-06-10 00:00:00
8,EAP SAO JUDAS,1,2025-06-11 00:00:00
8,USF BANDEIRANTES,1,2025-06-11 00:00:00
8,USF JARDIM AMERICA IV,1,2025-06-11 00:00:00
8,USF SAO MIGUEL,1,2025-06-11 00:00:00
8,USF SAO MIGUEL II,1,2025-06-11 00:00:00
8,USF JARDIM AMERICA IV,1,2025-06-12 00:00:00
8,USF JK,1,2025-06-12 00:00:00
8,USF NOVO HORIZONTE,1,2025-06-12 00:00:00
8,USF SAO MIGUEL II,1,2025-06-12 00:00:00
8,USF ALTANEIRA,1,2025-06-13 00:00:00
8,USF PADRE NOBREGA II,1,2025-06-13 00:00:00
8,USF SAO MIGUEL,1,2025-06-13 00:00:00
8,USF SAO MIGUEL II,1,2025-06-13 00:00:00
8,USF VILA NOVA,1,2025-06-13 00:00:00
8,USF JARDIM AMERICA IV,1,2025-06-16 00:00:00
8,USF JARDIM MARILIA,1,2025-06-16 00:00:00
8,USF SAO MIGUEL,1,2025-06-16 00:00:00
8,USF SAO MIGUEL II,1,2025-06-16 00:00:00
8,USF VIDA NOVA MARACA,1,2025-06-16 00:00:00
8,USF VILA NOVA,1,2025-06-16 00:00:00
8,USF BANDEIRANTES II,1,2025-06-17 00:00:00
8,USF PRIMEIRO DE MAIO,1,2025-06-17 00:00:00
8,USF VILA NOVA,1,2025-06-17 00:00:00
8,USF JARDIM CAVALARI,1,2025-07-04 00:00:00
8,USF MARAJO,1,2025-07-04 00:00:00
8,USF PARQUE DOS IPES,1,2025-07-04 00:00:00
8,USF SANTA PAULA,1,2025-07-04 00:00:00
8,USF TOFOLI,1,2025-07-04 00:00:00
8,USF VILA REAL,1,2025-07-04 00:00:00
8,USF PARQUE DOS IPES,1,2025-07-11 00:00:00
8,USF SAO BENTO,1,2025-07-11 00:00:00
8,USF VILA REAL,1,2025-07-11 00:00:00
8,USF PARQUE DOS IPES,1,2025-07-14 00:00:00
8,USF VILA REAL,1,2025-07-14 00:00:00
8,USF JULIETA,1,2025-07-18 00:00:00
8,USF LILIANA,1,2025-07-18 00:00:00
8,USF PADRE NOBREGA II,1,2025-07-18 00:00:00
8,USF SANTA ANTONIETA III,1,2025-07-18 00:00:00
8,EAP SANTA ANTONIETA,1,2025-07-21 00:00:00
8,USF JULIETA,1,2025-07-21 00:00:00
8,USF PADRE NOBREGA II,1,2025-07-21 00:00:00
8,USF SANTA ANTONIETA III,1,2025-07-21 00:00:00
8,EAP SANTA ANTONIETA,1,2025-07-22 00:00:00
8,USF JK,1,2025-07-22 00:00:00
8,USF JULIETA,1,2025-07-22 00:00:00
8,USF LEONEL DE MOURA BRIZOLA,1,2025-07-22 00:00:00
8,USF SANTA ANTONIETA III,1,2025-07-22 00:00:00
8,EAP SANTA ANTONIETA,1,2025-07-23 00:00:00
8,USF JK,1,2025-07-23 00:00:00
8,USF JULIETA,1,2025-07-23 00:00:00
8,USF PADRE NOBREGA II,1,2025-07-23 00:00:00
8,USF SANTA ANTONIETA II,1,2025-07-23 00:00:00
8,USF SANTA ANTONIETA III,1,2025-07-23 00:00:00
8,USF VIDA NOVA MARACA,1,2025-07-23 00:00:00
8,USF PADRE NOBREGA II,1,2025-07-24 00:00:00
8,USF SANTA ANTONIETA III,1,2025-07-24 00:00:00
8,USF CAMPO BELO,1,2025-07-25 00:00:00
8,USF JULIETA,1,2025-07-25 00:00:00
8,USF LILIANA,1,2025-07-25 00:00:00
8,USF PADRE NOBREGA II,1,2025-07-25 00:00:00
8,USF ROSALIA,1,2025-07-25 00:00:00
8,USF SANTA ANTONIETA III,1,2025-07-25 00:00:00
8,EAP SANTA ANTONIETA,1,2025-07-28 00:00:00
8,USF PADRE NOBREGA,1,2025-07-28 00:00:00
8,USF SANTA ANTONIETA III,1,2025-07-28 00:00:00
8,USF JULIETA,1,2025-07-29 00:00:00
8,USF PADRE NOBREGA II,1,2025-07-29 00:00:00
8,USF SANTA ANTONIETA III,1,2025-07-29 00:00:00
8,USF SANTA PAULA,1,2025-07-30 00:00:00
8,EAP CHICO MENDES,1,2025-08-11 00:00:00
8,USF ARGOLO FERRAO,1,2025-08-11 00:00:00
8,USF JARDIM CAVALARI,1,2025-08-11 00:00:00
8,USF JARDIM MARILIA,1,2025-08-11 00:00:00
8,USF JARDIM TERUEL,1,2025-08-11 00:00:00
8,EAP CHICO MENDES,1,2025-08-12 00:00:00
8,USF AEROPORTO,1,2025-08-12 00:00:00
8,USF ARGOLO FERRAO,1,2025-08-12 00:00:00
8,USF BANDEIRANTES,1,2025-08-12 00:00:00
8,USF JARDIM TERUEL,1,2025-08-12 00:00:00
8,USF LEONEL DE MOURA BRIZOLA,1,2025-08-12 00:00:00
8,USF SANTA ANTONIETA III,1,2025-08-12 00:00:00
8,EAP CHICO MENDES,1,2025-08-13 00:00:00
8,USF ARGOLO FERRAO,1,2025-08-13 00:00:00
8,USF JARDIM RENATA,1,2025-08-13 00:00:00
8,USF JARDIM TERUEL,1,2025-08-13 00:00:00
8,USF PADRE NOBREGA,1,2025-08-13 00:00:00
8,USF VILA REAL,1,2025-08-13 00:00:00
8,EAP CHICO MENDES,1,2025-08-14 00:00:00
8,USF JARDIM TERUEL,1,2025-08-14 00:00:00
8,USF VILA REAL,1,2025-08-25 00:00:00
8,USF VILA REAL,1,2025-08-26 00:00:00
8,EAP PLANALTO,1,2025-08-27 00:00:00
8,USF CAMPO BELO,1,2025-08-27 00:00:00
8,USF COSTA E SILVA,1,2025-08-27 00:00:00
8,USF COSTA E SILVA II,1,2025-08-27 00:00:00
8,USF JOQUEY CLUBE,1,2025-08-27 00:00:00
8,USF PALMITAL,1,2025-08-27 00:00:00
8,USF PARQUE DOS IPES,1,2025-08-27 00:00:00
8,USF SANTA PAULA,1,2025-08-27 00:00:00
8,USF TOFOLI,1,2025-08-27 00:00:00
8,USF VILA REAL,1,2025-08-27 00:00:00
8,USF COSTA E SILVA,1,2025-08-28 00:00:00
8,USF COSTA E SILVA II,1,2025-08-28 00:00:00
8,USF JOQUEY CLUBE,1,2025-08-28 00:00:00
8,USF PARQUE DOS IPES,1,2025-08-28 00:00:00
8,USF TOFOLI,1,2025-08-28 00:00:00
8,USF VILA HIPICA,1,2025-08-28 00:00:00
8,USF VILA REAL,1,2025-08-28 00:00:00
8,EAP PLANALTO,1,2025-08-29 00:00:00
8,USF ANIZ BADRA,1,2025-08-29 00:00:00
8,USF COSTA E SILVA,1,2025-08-29 00:00:00
8,USF COSTA E SILVA II,1,2025-08-29 00:00:00
8,USF LEONEL DE MOURA BRIZOLA,1,2025-08-29 00:00:00
8,USF MARAJO,1,2025-08-29 00:00:00
8,USF PARQUE DOS IPES,1,2025-08-29 00:00:00
8,USF TOFOLI,1,2025-08-29 00:00:00
8,USF VIDA NOVA MARACA,1,2025-08-29 00:00:00
8,USF VILA REAL,1,2025-08-29 00:00:00
8,USF CAMPO BELO,2,2025-06-30 00:00:00
8,USF SANTA PAULA,2,2025-07-30 00:00:00
8,USF TRES LAGOS,2,2025-07-30 00:00:00
8,USF SANTA PAULA,2,2025-08-27 00:00:00
8,USF VILA NOVA,2,2025-08-27 00:00:00
8,USF CAMPO BELO,3,2025-07-30 00:00:00
8,USF PRIMAVERA/ NACOES/NOVA ALMEIDA,3,2025-07-30 00:00:00
8,USF SANTA PAULA,3,2025-07-30 00:00:00
8,USF LEONEL DE MOURA BRIZOLA,3,2025-08-27 00:00:00
8,USF MARAJO,3,2025-08-27 00:00:00
8,USF SANTA PAULA,3,2025-08-27 00:00:00
8,USF VILA HIPICA,3,2025-08-27 00:00:00
8,USF MARAJO,4,2025-08-27 00:00:00
8,USF SANTA PAULA,4,2025-08-27 00:00:00
8,USF TRES LAGOS,4,2025-08-27 00:00:00
8,USF VILA HIPICA,4,2025-08-27 00:00:00
9,EAP CHICO MENDES,,
9,EAP PLANALTO,,
9,EAP SANTA ANTONIETA,,
9,EAP SAO JUDAS,,
9,USF AEROPORTO,,
9,USF ALTANEIRA,,
9,USF ANIZ BADRA,,
9,USF ARGOLO FERRAO,,
9,USF AVENCAS/ AMADEU AMARAL,,
9,USF BANDEIRANTES,,
9,USF BANDEIRANTES II,,
9,USF CAMPO BELO,,
9,USF COSTA E SILVA,,
9,USF COSTA E SILVA II,,
9,USF FIGUERINHA,,
9,USF FLAMINGO,,
9,USF JANIO QUADROS,,
9,USF JARDIM AMERICA IV,,
9,USF JARDIM CAVALARI,,
9,USF JARDIM MARACA,,
9,USF JARDIM MARACA II,,
9,USF JARDIM MARILIA,,
9,USF JARDIM RENATA,,
9,USF JARDIM TERUEL,,
9,USF JK,,
9,USF JK II,,
9,USF JOQUEY CLUBE,,
9,USF JULIETA,,
9,USF LACIO,,
9,USF LEONEL DE MOURA BRIZOLA,,
9,USF LILIANA,,
9,USF MARAJO,,
9,USF NOVO HORIZONTE,,
9,USF PADRE NOBREGA,,
9,USF PADRE NOBREGA II,,
9,USF PALMITAL,,
9,USF PARQUE DOS IPES,,
9,USF PRIMAVERA/ NACOES/NOVA ALMEIDA,,
9,USF PRIMEIRO DE MAIO,,
9,USF ROSALIA,,
9,USF SANTA ANTONIETA II,,
9,USF SANTA ANTONIETA III,,
9,USF SANTA AUGUSTA,,
9,USF SANTA PAULA,,
9,USF SAO BENTO,,
9,USF SAO MIGUEL,,
9,USF SAO MIGUEL II,,
9,USF TOFOLI,,
9,USF TRES LAGOS,,
9,USF VIDA NOVA MARACA,,
9,USF VILA BARROS,,
9,USF VILA HIPICA,,
9,USF VILA NOVA,,
9,USF VILA REAL,,
9,USF ARGOLO FERRAO,1,2025-05-05 00:00:00
9,USF JARDIM MARACA II,1,2025-05-05 00:00:00
9,USF SANTA AUGUSTA,1,2025-05-05 00:00:00
9,USF SAO BENTO,1,2025-05-05 00:00:00
9,USF SANTA AUGUSTA,1,2025-05-06 00:00:00
9,USF JARDIM TERUEL,1,2025-05-07 00:00:00
9,USF SANTA AUGUSTA,1,2025-05-07 00:00:00
9,USF SAO BENTO,1,2025-05-07 00:00:00
9,USF SANTA AUGUSTA,1,2025-05-08 00:00:00
9,USF SAO BENTO,1,2025-05-08 00:00:00
9,USF VILA REAL,1,2025-05-08 00:00:00
9,USF SANTA AUGUSTA,1,2025-05-09 00:00:00
9,USF SAO BENTO,1,2025-05-09 00:00:00
9,USF TOFOLI,1,2025-05-09 00:00:00
9,USF LEONEL DE MOURA BRIZOLA,1,2025-05-12 00:00:00
9,USF SANTA AUGUSTA,1,2025-05-12 00:00:00
9,USF SAO BENTO,1,2025-05-12 00:00:00
9,USF JARDIM CAVALARI,1,2025-05-22 00:00:00
9,EAP SANTA ANTONIETA,1,2025-05-27 00:00:00
9,USF ANIZ BADRA,1,2025-05-27 00:00:00
9,USF FIGUERINHA,1,2025-05-27 00:00:00
9,USF FLAMINGO,1,2025-05-27 00:00:00
9,USF JANIO QUADROS,1,2025-05-27 00:00:00
9,USF JARDIM CAVALARI,1,2025-05-27 00:00:00
9,USF JARDIM MARACA II,1,2025-05-27 00:00:00
9,USF PALMITAL,1,2025-05-27 00:00:00
9,USF PRIMEIRO DE MAIO,1,2025-05-27 00:00:00
9,USF VIDA NOVA MARACA,1,2025-05-27 00:00:00
9,EAP CHICO MENDES,1,2025-05-28 00:00:00
9,EAP SANTA ANTONIETA,1,2025-05-28 00:00:00
9,USF COSTA E SILVA II,1,2025-05-28 00:00:00
9,USF FIGUERINHA,1,2025-05-28 00:00:00
9,USF FLAMINGO,1,2025-05-28 00:00:00
9,USF JARDIM CAVALARI,1,2025-05-28 00:00:00
9,USF JK,1,2025-05-28 00:00:00
9,USF JK II,1,2025-05-28 00:00:00
9,USF LEONEL DE MOURA BRIZOLA,1,2025-05-28 00:00:00
9,USF LILIANA,1,2025-05-28 00:00:00
9,USF PRIMEIRO DE MAIO,1,2025-05-28 00:00:00
9,USF ANIZ BADRA,1,2025-05-29 00:00:00
9,USF FIGUERINHA,1,2025-05-29 00:00:00
9,USF FLAMINGO,1,2025-05-29 00:00:00
9,USF JARDIM CAVALARI,1,2025-05-29 00:00:00
9,USF JARDIM MARACA II,1,2025-05-29 00:00:00
9,USF LEONEL DE MOURA BRIZOLA,1,2025-05-29 00:00:00
9,USF PRIMEIRO DE MAIO,1,2025-05-29 00:00:00
9,USF FIGUERINHA,1,2025-05-30 00:00:00
9,USF FLAMINGO,1,2025-05-30 00:00:00
9,USF JANIO QUADROS,1,2025-05-30 00:00:00
9,USF JARDIM CAVALARI,1,2025-05-30 00:00:00
9,USF PRIMAVERA/ NACOES/NOVA ALMEIDA,1,2025-05-30 00:00:00
9,USF PRIMEIRO DE MAIO,1,2025-05-30 00:00:00
9,EAP SANTA ANTONIETA,1,2025-06-02 00:00:00
9,USF ANIZ BADRA,1,2025-06-02 00:00:00
9,USF FIGUERINHA,1,2025-06-02 00:00:00
9,USF FLAMINGO,1,2025-06-02 00:00:00
9,USF JANIO QUADROS,1,2025-06-02 00:00:00
9,USF JARDIM CAVALARI,1,2025-06-02 00:00:00
9,USF JARDIM TERUEL,1,2025-06-02 00:00:00
9,USF LILIANA,1,2025-06-02 00:00:00
9,USF MARAJO,1,2025-06-02 00:00:00
9,USF PRIMEIRO DE MAIO,1,2025-06-02 00:00:00
9,USF SANTA PAULA,1,2025-06-02 00:00:00
9,USF FIGUERINHA,1,2025-06-03 00:00:00
9,USF JARDIM CAVALARI,1,2025-06-03 00:00:00
9,USF PRIMEIRO DE MAIO,1,2025-06-03 00:00:00
9,EAP SANTA ANTONIETA,1,2025-06-04 00:00:00
9,USF FLAMINGO,1,2025-06-04 00:00:00
9,USF JARDIM AMERICA IV,1,2025-06-04 00:00:00
9,USF LILIANA,1,2025-06-04 00:00:00
9,USF PRIMAVERA/ NACOES/NOVA ALMEIDA,1,2025-06-04 00:00:00
9,USF FLAMINGO,1,2025-06-05 00:00:00
9,USF JARDIM CAVALARI,1,2025-06-05 00:00:00
9,USF TOFOLI,1,2025-06-05 00:00:00
9,USF BANDEIRANTES,1,2025-06-12 00:00:00
9,USF BANDEIRANTES II,1,2025-06-12 00:00:00
9,USF JARDIM MARACA II,1,2025-06-12 00:00:00
9,USF SAO MIGUEL,1,2025-06-12 00:00:00
9,USF SAO MIGUEL II,1,2025-06-12 00:00:00
9,EAP SAO JUDAS,1,2025-06-13 00:00:00
9,USF JARDIM AMERICA IV,1,2025-06-13 00:00:00
9,USF JARDIM CAVALARI,1,2025-06-13 00:00:00
9,USF SAO MIGUEL II,1,2025-06-13 00:00:00
9,USF TOFOLI,1,2025-06-13 00:00:00
9,USF VILA NOVA,1,2025-06-13 00:00:00
9,EAP SAO JUDAS,1,2025-06-16 00:00:00
9,USF BANDEIRANTES,1,2025-06-16 00:00:00
9,USF BANDEIRANTES II,1,2025-06-16 00:00:00
9,USF JARDIM AMERICA IV,1,2025-06-16 00:00:00
9,USF SAO MIGUEL,1,2025-06-16 00:00:00
9,USF SAO MIGUEL II,1,2025-06-16 00:00:00
9,USF VILA NOVA,1,2025-06-16 00:00:00
9,EAP SAO JUDAS,1,2025-06-17 00:00:00
9,USF BANDEIRANTES,1,2025-06-17 00:00:00
9,USF BANDEIRANTES II,1,2025-06-17 00:00:00
9,USF JARDIM AMERICA IV,1,2025-06-17 00:00:00
9,USF SAO MIGUEL,1,2025-06-17 00:00:00
9,USF SAO MIGUEL II,1,2025-06-17 00:00:00
9,USF VILA BARROS,1,2025-06-17 00:00:00
9,USF BANDEIRANTES II,1,2025-06-18 00:00:00
9,USF JARDIM AMERICA IV,1,2025-06-18 00:00:00
9,USF SAO MIGUEL,1,2025-06-18 00:00:00
9,USF SAO MIGUEL II,1,2025-06-18 00:00:00
9,USF JARDIM AMERICA IV,1,2025-06-23 00:00:00
9,USF JARDIM RENATA,1,2025-06-23 00:00:00
9,USF PADRE NOBREGA,1,2025-06-23 00:00:00
9,USF SAO MIGUEL,1,2025-06-23 00:00:00
9,EAP SAO JUDAS,1,2025-06-24 00:00:00
9,USF BANDEIRANTES II,1,2025-06-24 00:00:00
9,USF JARDIM AMERICA IV,1,2025-06-24 00:00:00
9,USF JARDIM MARILIA,1,2025-06-24 00:00:00
9,USF JARDIM TERUEL,1,2025-06-24 00:00:00
9,USF PADRE NOBREGA II,1,2025-06-24 00:00:00
9,USF SAO MIGUEL II,1,2025-06-24 00:00:00
9,USF BANDEIRANTES II,1,2025-06-25 00:00:00
9,USF JARDIM AMERICA IV,1,2025-06-25 00:00:00
9,USF PADRE NOBREGA II,1,2025-06-25 00:00:00
9,USF SAO MIGUEL II,1,2025-06-25 00:00:00
9,USF PARQUE DOS IPES,1,2025-07-11 00:00:00
9,USF SAO BENTO,1,2025-07-11 00:00:00
9,USF VILA REAL,1,2025-07-11 00:00:00
9,USF PARQUE DOS IPES,1,2025-07-14 00:00:00
9,USF SANTA AUGUSTA,1,2025-07-14 00:00:00
9,USF VILA REAL,1,2025-07-14 00:00:00
9,USF LACIO,1,2025-07-15 00:00:00
9,USF VILA REAL,1,2025-07-15 00:00:00
9,USF LEONEL DE MOURA BRIZOLA,1,2025-07-16 00:00:00
9,USF VILA REAL,1,2025-07-16 00:00:00
9,USF PARQUE DOS IPES,1,2025-07-17 00:00:00
9,USF SANTA AUGUSTA,1,2025-07-17 00:00:00
9,USF TOFOLI,1,2025-07-17 00:00:00
9,USF VILA HIPICA,1,2025-07-17 00:00:00
9,USF VILA REAL,1,2025-07-17 00:00:00
9,EAP SANTA ANTONIETA,1,2025-07-24 00:00:00
9,USF CAMPO BELO,1,2025-07-24 00:00:00
9,USF JULIETA,1,2025-07-24 00:00:00
9,USF PADRE NOBREGA II,1,2025-07-24 00:00:00
9,USF SANTA ANTONIETA III,1,2025-07-24 00:00:00
9,EAP SANTA ANTONIETA,1,2025-07-25 00:00:00
9,EAP SAO JUDAS,1,2025-07-25 00:00:00
9,USF JANIO QUADROS,1,2025-07-25 00:00:00
9,USF JULIETA,1,2025-07-25 00:00:00
9,USF PADRE NOBREGA II,1,2025-07-25 00:00:00
9,USF PRIMEIRO DE MAIO,1,2025-07-25 00:00:00
9,EAP SANTA ANTONIETA,1,2025-07-28 00:00:00
9,USF JANIO QUADROS,1,2025-07-28 00:00:00
9,USF JULIETA,1,2025-07-28 00:00:00
9,USF PADRE NOBREGA II,1,2025-07-28 00:00:00
9,USF SANTA ANTONIETA III,1,2025-07-28 00:00:00
9,USF JULIETA,1,2025-07-29 00:00:00
9,USF PADRE NOBREGA,1,2025-07-29 00:00:00
9,USF SANTA ANTONIETA III,1,2025-07-29 00:00:00
9,EAP SANTA ANTONIETA,1,2025-07-30 00:00:00
9,USF CAMPO BELO,1,2025-07-30 00:00:00
9,USF JULIETA,1,2025-07-30 00:00:00
9,USF LILIANA,1,2025-07-30 00:00:00
9,USF SANTA ANTONIETA III,1,2025-07-30 00:00:00
9,EAP SANTA ANTONIETA,1,2025-07-31 00:00:00
9,USF JARDIM MARACA II,1,2025-07-31 00:00:00
9,USF JULIETA,1,2025-07-31 00:00:00
9,USF PRIMAVERA/ NACOES/NOVA ALMEIDA,1,2025-07-31 00:00:00
9,EAP SANTA ANTONIETA,1,2025-08-01 00:00:00
9,USF JANIO QUADROS,1,2025-08-01 00:00:00
9,USF JULIETA,1,2025-08-01 00:00:00
9,USF PADRE NOBREGA II,1,2025-08-01 00:00:00
9,USF PRIMAVERA/ NACOES/NOVA ALMEIDA,1,2025-08-01 00:00:00
9,USF SANTA ANTONIETA III,1,2025-08-01 00:00:00
9,EAP SANTA ANTONIETA,1,2025-08-04 00:00:00
9,USF JULIETA,1,2025-08-04 00:00:00
9,USF PRIMEIRO DE MAIO,1,2025-08-04 00:00:00
9,USF SANTA ANTONIETA II,1,2025-08-04 00:00:00
9,USF SANTA ANTONIETA III,1,2025-08-04 00:00:00
9,USF VILA NOVA,1,2025-08-04 00:00:00
9,EAP CHICO MENDES,1,2025-08-14 00:00:00
9,USF JARDIM MARILIA,1,2025-08-14 00:00:00
9,USF JARDIM TERUEL,1,2025-08-14 00:00:00
9,USF PARQUE DOS IPES,1,2025-08-14 00:00:00
9,USF CAMPO BELO,1,2025-08-27 00:00:00
9,USF COSTA E SILVA,1,2025-08-27 00:00:00
9,USF COSTA E SILVA II,1,2025-08-27 00:00:00
9,USF SANTA PAULA,1,2025-08-27 00:00:00
9,USF SANTA PAULA,2,2025-08-27 00:00:00
9,USF CAMPO BELO,3,2025-07-30 00:00:00
9,USF MARAJO,3,2025-07-30 00:00:00
9,USF MARAJO,3,2025-08-27 00:00:00
9,USF SANTA PAULA,3,2025-08-27 00:00:00
9,USF VILA HIPICA,3,2025-08-27 00:00:00
9,USF COSTA E SILVA,4,2025-08-27 00:00:00
9,USF JOQUEY CLUBE,4,2025-08-27 00:00:00
9,USF LACIO,4,2025-08-27 00:00:00
9,USF MARAJO,4,2025-08-27 00:00:00
9,USF SANTA PAULA,4,2025-08-27 00:00:00
9,USF TRES LAGOS,4,2025-08-27 00:00:00
9,USF VILA HIPICA,4,2025-08-27 00:00:00
10,EAP CHICO MENDES,,
10,EAP PLANALTO,,
10,EAP SANTA ANTONIETA,,
10,EAP SAO JUDAS,,
10,USF AEROPORTO,,
10,USF ALTANEIRA,,
10,USF ANIZ BADRA,,
10,USF ARGOLO FERRAO,,
10,USF AVENCAS/ AMADEU AMARAL,,
10,USF BANDEIRANTES,,
10,USF BANDEIRANTES II,,
10,USF CAMPO BELO,,
10,USF COSTA E SILVA,,
10,USF COSTA E SILVA II,,
10,USF FIGUERINHA,,
10,USF FLAMINGO,,
10,USF JANIO QUADROS,,
10,USF JARDIM AMERICA IV,,
10,USF JARDIM CAVALARI,,
10,USF JARDIM MARACA,,
10,USF JARDIM MARACA II,,
10,USF JARDIM MARILIA,,
10,USF JARDIM RENATA,,
10,USF JARDIM TERUEL,,
10,USF JK,,
10,USF JK II,,
10,USF JOQUEY CLUBE,,
10,USF JULIETA,,
10,USF LACIO,,
10,USF LEONEL DE MOURA BRIZOLA,,
10,USF LILIANA,,
10,USF MARAJO,,
10,USF NOVO HORIZONTE,,
10,USF PADRE NOBREGA,,
10,USF PADRE NOBREGA II,,
10,USF PALMITAL,,
10,USF PARQUE DOS IPES,,
10,USF PRIMAVERA/ NACOES/NOVA ALMEIDA,,
10,USF PRIMEIRO DE MAIO,,
10,USF ROSALIA,,
10,USF SANTA ANTONIETA II,,
10,USF SANTA ANTONIETA III,,
10,USF SANTA AUGUSTA,,
10,USF SANTA PAULA,,
10,USF SAO BENTO,,
10,USF SAO MIGUEL,,
10,USF SAO MIGUEL II,,
10,USF TOFOLI,,
10,USF TRES LAGOS,,
10,USF VIDA NOVA MARACA,,
10,USF VILA BARROS,,
10,USF VILA HIPICA,,
10,USF VILA NOVA,,
10,USF VILA REAL,,
10,USF BANDEIRANTES,1,2025-05-05 00:00:00
10,USF JARDIM MARILIA,1,2025-05-05 00:00:00
10,USF MARAJO,1,2025-05-05 00:00:00
10,USF SANTA AUGUSTA,1,2025-05-05 00:00:00
10,USF SAO BENTO,1,2025-05-05 00:00:00
10,USF TRES LAGOS,1,2025-05-05 00:00:00
10,USF ARGOLO FERRAO,1,2025-05-06 00:00:00
10,USF LEONEL DE MOURA BRIZOLA,1,2025-05-06 00:00:00
10,USF SAO BENTO,1,2025-05-06 00:00:00
10,USF VILA REAL,1,2025-05-06 00:00:00
10,USF LEONEL DE MOURA BRIZOLA,1,2025-05-07 00:00:00
10,USF SANTA AUGUSTA,1,2025-05-07 00:00:00
10,USF SAO BENTO,1,2025-05-07 00:00:00
10,USF SANTA AUGUSTA,1,2025-05-09 00:00:00
10,USF SAO BENTO,1,2025-05-09 00:00:00
10,USF FIGUERINHA,1,2025-05-30 00:00:00
10,USF JARDIM CAVALARI,1,2025-05-30 00:00:00
10,USF JARDIM MARACA,1,2025-05-30 00:00:00
10,USF JK,1,2025-05-30 00:00:00
10,USF PRIMEIRO DE MAIO,1,2025-05-30 00:00:00
10,USF ARGOLO FERRAO,1,2025-06-02 00:00:00
10,USF FIGUERINHA,1,2025-06-02 00:00:00
10,USF FLAMINGO,1,2025-06-02 00:00:00
10,USF JARDIM CAVALARI,1,2025-06-02 00:00:00
10,USF PRIMEIRO DE MAIO,1,2025-06-02 00:00:00
10,USF FIGUERINHA,1,2025-06-03 00:00:00
10,USF FLAMINGO,1,2025-06-03 00:00:00
10,USF JANIO QUADROS,1,2025-06-03 00:00:00
10,USF JARDIM CAVALARI,1,2025-06-03 00:00:00
10,USF JARDIM TERUEL,1,2025-06-03 00:00:00
10,USF JK,1,2025-06-03 00:00:00
10,USF PRIMAVERA/ NACOES/NOVA ALMEIDA,1,2025-06-03 00:00:00
10,USF PRIMEIRO DE MAIO,1,2025-06-03 00:00:00
10,EAP SANTA ANTONIETA,1,2025-06-04 00:00:00
10,USF FIGUERINHA,1,2025-06-04 00:00:00
10,USF FLAMINGO,1,2025-06-04 00:00:00
10,USF JARDIM CAVALARI,1,2025-06-04 00:00:00
10,USF JARDIM RENATA,1,2025-06-04 00:00:00
10,USF LILIANA,1,2025-06-04 00:00:00
10,USF PRIMAVERA/ NACOES/NOVA ALMEIDA,1,2025-06-04 00:00:00
10,USF PRIMEIRO DE MAIO,1,2025-06-04 00:00:00
10,USF VIDA NOVA MARACA,1,2025-06-04 00:00:00
10,USF FIGUERINHA,1,2025-06-05 00:00:00
10,USF FLAMINGO,1,2025-06-05 00:00:00
10,USF JARDIM CAVALARI,1,2025-06-05 00:00:00
10,USF LEONEL DE MOURA BRIZOLA,1,2025-06-05 00:00:00
10,USF PRIMEIRO DE MAIO,1,2025-06-05 00:00:00
10,USF VILA NOVA,1,2025-06-05 00:00:00
10,USF ALTANEIRA,1,2025-06-06 00:00:00
10,USF ANIZ BADRA,1,2025-06-06 00:00:00
10,USF FIGUERINHA,1,2025-06-06 00:00:00
10,USF JARDIM MARACA,1,2025-06-06 00:00:00
10,USF PRIMEIRO DE MAIO,1,2025-06-06 00:00:00
10,USF SANTA ANTONIETA II,1,2025-06-06 00:00:00
10,USF VILA HIPICA,1,2025-06-06 00:00:00
10,USF ANIZ BADRA,1,2025-06-09 00:00:00
10,USF FIGUERINHA,1,2025-06-09 00:00:00
10,USF JK,1,2025-06-09 00:00:00
10,USF JK II,1,2025-06-09 00:00:00
10,USF PRIMEIRO DE MAIO,1,2025-06-09 00:00:00
10,USF BANDEIRANTES II,1,2025-06-18 00:00:00
10,USF FIGUERINHA,1,2025-06-18 00:00:00
10,USF JARDIM MARILIA,1,2025-06-18 00:00:00
10,USF JARDIM TERUEL,1,2025-06-18 00:00:00
10,USF JULIETA,1,2025-06-18 00:00:00
10,USF SAO MIGUEL,1,2025-06-18 00:00:00
10,USF SAO MIGUEL II,1,2025-06-18 00:00:00
10,USF ANIZ BADRA,1,2025-06-23 00:00:00
10,USF JARDIM MARILIA,1,2025-06-23 00:00:00
10,USF SAO MIGUEL,1,2025-06-23 00:00:00
10,USF SAO MIGUEL II,1,2025-06-23 00:00:00
10,USF VILA BARROS,1,2025-06-23 00:00:00
10,USF BANDEIRANTES,1,2025-06-24 00:00:00
10,USF JARDIM AMERICA IV,1,2025-06-24 00:00:00
10,USF PRIMEIRO DE MAIO,1,2025-06-24 00:00:00
10,USF SAO MIGUEL,1,2025-06-24 00:00:00
10,EAP SAO JUDAS,1,2025-06-25 00:00:00
10,USF BANDEIRANTES,1,2025-06-25 00:00:00
10,USF BANDEIRANTES II,1,2025-06-25 00:00:00
10,USF COSTA E SILVA II,1,2025-06-25 00:00:00
10,USF JARDIM AMERICA IV,1,2025-06-25 00:00:00
10,USF SAO MIGUEL II,1,2025-06-25 00:00:00
10,EAP SANTA ANTONIETA,1,2025-06-26 00:00:00
10,USF ALTANEIRA,1,2025-06-26 00:00:00
10,USF BANDEIRANTES II,1,2025-06-26 00:00:00
10,USF JARDIM AMERICA IV,1,2025-06-26 00:00:00
10,USF SAO MIGUEL,1,2025-06-26 00:00:00
10,USF SAO MIGUEL II,1,2025-06-26 00:00:00
10,USF JARDIM AMERICA IV,1,2025-06-27 00:00:00
10,USF JARDIM CAVALARI,1,2025-06-27 00:00:00
10,USF JK,1,2025-06-27 00:00:00
10,USF SAO MIGUEL,1,2025-06-27 00:00:00
10,USF SAO MIGUEL II,1,2025-06-27 00:00:00
10,USF BANDEIRANTES,1,2025-06-30 00:00:00
10,USF JARDIM AMERICA IV,1,2025-06-30 00:00:00
10,USF JARDIM CAVALARI,1,2025-06-30 00:00:00
10,USF JARDIM MARILIA,1,2025-06-30 00:00:00
10,USF PRIMEIRO DE MAIO,1,2025-06-30 00:00:00
10,USF SAO MIGUEL II,1,2025-06-30 00:00:00
10,USF VILA BARROS,1,2025-06-30 00:00:00
10,USF COSTA E SILVA,1,2025-07-15 00:00:00
10,USF PALMITAL,1,2025-07-15 00:00:00
10,USF PARQUE DOS IPES,1,2025-07-15 00:00:00
10,USF TOFOLI,1,2025-07-15 00:00:00
10,EAP PLANALTO,1,2025-07-16 00:00:00
10,USF PARQUE DOS IPES,1,2025-07-16 00:00:00
10,USF TOFOLI,1,2025-07-16 00:00:00
10,USF VILA REAL,1,2025-07-16 00:00:00
10,USF JARDIM MARILIA,1,2025-07-17 00:00:00
10,USF JULIETA,1,2025-07-17 00:00:00
10,USF PALMITAL,1,2025-07-17 00:00:00
10,USF TOFOLI,1,2025-07-17 00:00:00
10,USF VILA REAL,1,2025-07-17 00:00:00
10,USF PADRE NOBREGA,1,2025-07-18 00:00:00
10,USF SANTA AUGUSTA,1,2025-07-18 00:00:00
10,USF TOFOLI,1,2025-07-18 00:00:00
10,USF TRES LAGOS,1,2025-07-18 00:00:00
10,USF VILA REAL,1,2025-07-18 00:00:00
10,USF PARQUE DOS IPES,1,2025-07-21 00:00:00
10,USF SANTA AUGUSTA,1,2025-07-21 00:00:00
10,USF COSTA E SILVA II,1,2025-07-22 00:00:00
10,USF TOFOLI,1,2025-07-22 00:00:00
10,USF VILA REAL,1,2025-07-22 00:00:00
10,USF JARDIM RENATA,1,2025-07-28 00:00:00
10,USF JULIETA,1,2025-07-28 00:00:00
10,USF JULIETA,1,2025-07-29 00:00:00
10,EAP SANTA ANTONIETA,1,2025-07-30 00:00:00
10,USF JULIETA,1,2025-07-30 00:00:00
10,USF PADRE NOBREGA II,1,2025-07-30 00:00:00
10,USF SANTA ANTONIETA III,1,2025-07-30 00:00:00
10,EAP SANTA ANTONIETA,1,2025-07-31 00:00:00
10,USF JARDIM RENATA,1,2025-07-31 00:00:00
10,USF JULIETA,1,2025-07-31 00:00:00
10,USF SANTA ANTONIETA III,1,2025-07-31 00:00:00
10,EAP SANTA ANTONIETA,1,2025-08-01 00:00:00
10,USF JULIETA,1,2025-08-01 00:00:00
10,USF PADRE NOBREGA II,1,2025-08-01 00:00:00
10,USF SANTA ANTONIETA III,1,2025-08-01 00:00:00
10,USF SAO MIGUEL II,1,2025-08-01 00:00:00
10,EAP SANTA ANTONIETA,1,2025-08-04 00:00:00
10,USF JULIETA,1,2025-08-04 00:00:00
10,USF PADRE NOBREGA II,1,2025-08-04 00:00:00
10,USF SANTA ANTONIETA III,1,2025-08-04 00:00:00
10,USF SANTA PAULA,1,2025-08-04 00:00:00
10,USF JULIETA,1,2025-08-05 00:00:00
10,USF PADRE NOBREGA II,1,2025-08-05 00:00:00
10,USF SANTA ANTONIETA III,1,2025-08-05 00:00:00
10,USF JULIETA,1,2025-08-06 00:00:00
10,USF LILIANA,1,2025-08-06 00:00:00
10,USF PADRE NOBREGA II,1,2025-08-06 00:00:00
10,USF SANTA ANTONIETA III,1,2025-08-06 00:00:00
10,USF VILA NOVA,1,2025-08-06 00:00:00
10,EAP SANTA ANTONIETA,1,2025-08-07 00:00:00
10,USF JARDIM RENATA,1,2025-08-07 00:00:00
10,USF JULIETA,1,2025-08-07 00:00:00
10,USF SANTA ANTONIETA III,1,2025-08-07 00:00:00
10,EAP SANTA ANTONIETA,1,2025-08-08 00:00:00
10,USF CAMPO BELO,1,2025-08-08 00:00:00
10,USF FLAMINGO,1,2025-08-08 00:00:00
10,USF JULIETA,1,2025-08-08 00:00:00
10,USF PADRE NOBREGA II,1,2025-08-08 00:00:00
10,USF SANTA ANTONIETA III,1,2025-08-08 00:00:00
10,USF CAMPO BELO,1,2025-08-27 00:00:00
10,USF MARAJO,1,2025-08-27 00:00:00
10,USF PADRE NOBREGA,1,2025-08-27 00:00:00
10,USF PARQUE DOS IPES,1,2025-08-27 00:00:00
10,USF FIGUERINHA,2,2025-06-04 00:00:00
10,USF JOQUEY CLUBE,2,2025-06-26 00:00:00
10,USF MARAJO,2,2025-06-26 00:00:00
10,USF SANTA ANTONIETA III,2,2025-08-01 00:00:00
10,USF MARAJO,2,2025-08-27 00:00:00
10,USF SANTA PAULA,2,2025-08-27 00:00:00
10,USF CAMPO BELO,3,2025-07-30 00:00:00
10,USF SANTA PAULA,3,2025-07-30 00:00:00
10,USF VILA BARROS,3,2025-07-30 00:00:00
10,USF MARAJO,3,2025-08-27 00:00:00
10,USF SANTA PAULA,3,2025-08-27 00:00:00
10,USF TOFOLI,3,2025-08-27 00:00:00
10,USF COSTA E SILVA,4,2025-08-27 00:00:00
10,USF MARAJO,4,2025-08-27 00:00:00
10,USF SANTA PAULA,4,2025-08-27 00:00:00
10,USF VILA HIPICA,4,2025-08-27 00:00:00
11,EAP CHICO MENDES,,
11,EAP PLANALTO,,
11,EAP SANTA ANTONIETA,,
11,EAP SAO JUDAS,,
11,USF AEROPORTO,,
11,USF ALTANEIRA,,
11,USF ANIZ BADRA,,
11,USF ARGOLO FERRAO,,
11,USF AVENCAS/ AMADEU AMARAL,,
11,USF BANDEIRANTES,,
11,USF BANDEIRANTES II,,
11,USF CAMPO BELO,,
11,USF COSTA E SILVA,,
11,USF COSTA E SILVA II,,
11,USF FIGUERINHA,,
11,USF FLAMINGO,,
11,USF JANIO QUADROS,,
11,USF JARDIM AMERICA IV,,
11,USF JARDIM CAVALARI,,
11,USF JARDIM MARACA,,
11,USF JARDIM MARACA II,,
11,USF JARDIM MARILIA,,
11,USF JARDIM RENATA,,
11,USF JARDIM TERUEL,,
11,USF JK,,
11,USF JK II,,
11,USF JOQUEY CLUBE,,
11,USF JULIETA,,
11,USF LACIO,,
11,USF LEONEL DE MOURA BRIZOLA,,
11,USF LILIANA,,
11,USF MARAJO,,
11,USF NOVO HORIZONTE,,
11,USF PADRE NOBREGA,,
11,USF PADRE NOBREGA II,,
11,USF PALMITAL,,
11,USF PARQUE DOS IPES,,
11,USF PRIMAVERA/ NACOES/NOVA ALMEIDA,,
11,USF PRIMEIRO DE MAIO,,
11,USF ROSALIA,,
11,USF SANTA ANTONIETA II,,
11,USF SANTA ANTONIETA III,,
11,USF SANTA AUGUSTA,,
11,USF SANTA PAULA,,
11,USF SAO BENTO,,
11,USF SAO MIGUEL,,
11,USF SAO MIGUEL II,,
11,USF TOFOLI,,
11,USF TRES LAGOS,,
11,USF VIDA NOVA MARACA,,
11,USF VILA BARROS,,
11,USF VILA HIPICA,,
11,USF VILA NOVA,,
11,USF VILA REAL,,
11,USF MARAJO,1,2025-05-05 00:00:00
11,USF LEONEL DE MOURA BRIZOLA,1,2025-05-06 00:00:00
11,USF ANIZ BADRA,1,2025-05-30 00:00:00
11,EAP SAO JUDAS,1,2025-06-03 00:00:00
11,USF FIGUERINHA,1,2025-06-03 00:00:00
11,USF JARDIM CAVALARI,1,2025-06-03 00:00:00
11,EAP SANTA ANTONIETA,1,2025-06-04 00:00:00
11,USF ANIZ BADRA,1,2025-06-04 00:00:00
11,USF FIGUERINHA,1,2025-06-04 00:00:00
11,USF JARDIM CAVALARI,1,2025-06-04 00:00:00
11,USF LILIANA,1,2025-06-04 00:00:00
11,USF PRIMEIRO DE MAIO,1,2025-06-04 00:00:00
11,USF FIGUERINHA,1,2025-06-05 00:00:00
11,USF JARDIM CAVALARI,1,2025-06-05 00:00:00
11,USF PRIMEIRO DE MAIO,1,2025-06-05 00:00:00
11,EAP SANTA ANTONIETA,1,2025-06-06 00:00:00
11,USF ANIZ BADRA,1,2025-06-06 00:00:00
11,USF FIGUERINHA,1,2025-06-06 00:00:00
11,USF JANIO QUADROS,1,2025-06-06 00:00:00
11,USF PRIMEIRO DE MAIO,1,2025-06-06 00:00:00
11,USF FIGUERINHA,1,2025-06-09 00:00:00
11,USF PRIMEIRO DE MAIO,1,2025-06-09 00:00:00
11,USF AEROPORTO,1,2025-06-26 00:00:00
11,USF BANDEIRANTES,1,2025-06-26 00:00:00
11,USF BANDEIRANTES II,1,2025-06-26 00:00:00
11,USF JARDIM AMERICA IV,1,2025-06-26 00:00:00
11,USF JK II,1,2025-06-26 00:00:00
11,USF LACIO,1,2025-06-26 00:00:00
11,USF SANTA ANTONIETA III,1,2025-06-26 00:00:00
11,USF BANDEIRANTES II,1,2025-06-27 00:00:00
11,USF FIGUERINHA,1,2025-06-27 00:00:00
11,USF JARDIM AMERICA IV,1,2025-06-27 00:00:00
11,USF JULIETA,1,2025-06-27 00:00:00
11,USF PADRE NOBREGA,1,2025-06-27 00:00:00
11,USF SAO MIGUEL II,1,2025-06-27 00:00:00
11,USF JARDIM AMERICA IV,1,2025-06-30 00:00:00
11,USF PADRE NOBREGA,1,2025-06-30 00:00:00
11,USF SAO MIGUEL II,1,2025-06-30 00:00:00
11,USF PARQUE DOS IPES,1,2025-07-18 00:00:00
11,USF VILA REAL,1,2025-07-18 00:00:00
11,USF PARQUE DOS IPES,1,2025-07-21 00:00:00
11,USF SANTA AUGUSTA,1,2025-07-21 00:00:00
11,USF SANTA PAULA,1,2025-07-21 00:00:00
11,USF SAO BENTO,1,2025-07-21 00:00:00
11,USF TOFOLI,1,2025-07-21 00:00:00
11,USF VILA REAL,1,2025-07-21 00:00:00
11,USF PARQUE DOS IPES,1,2025-07-22 00:00:00
11,EAP SANTA ANTONIETA,1,2025-08-05 00:00:00
11,USF JULIETA,1,2025-08-05 00:00:00
11,USF PADRE NOBREGA II,1,2025-08-05 00:00:00
11,USF SANTA ANTONIETA III,1,2025-08-05 00:00:00
11,EAP SANTA ANTONIETA,1,2025-08-06 00:00:00
11,USF ANIZ BADRA,1,2025-08-06 00:00:00
11,USF PADRE NOBREGA II,1,2025-08-06 00:00:00
11,USF SANTA ANTONIETA III,1,2025-08-06 00:00:00
11,EAP SANTA ANTONIETA,1,2025-08-07 00:00:00
11,EAP SAO JUDAS,1,2025-08-07 00:00:00
11,USF JULIETA,1,2025-08-07 00:00:00
11,USF LILIANA,1,2025-08-07 00:00:00
11,USF SANTA ANTONIETA III,1,2025-08-07 00:00:00
11,USF VILA REAL,1,2025-08-07 00:00:00
11,USF JULIETA,1,2025-08-08 00:00:00
11,USF SANTA ANTONIETA III,1,2025-08-08 00:00:00
11,USF VILA BARROS,1,2025-08-08 00:00:00
11,USF VILA HIPICA,2,2025-07-30 00:00:00
11,USF CAMPO BELO,3,2025-07-30 00:00:00
11,USF SANTA PAULA,3,2025-07-30 00:00:00
11,USF MARAJO,3,2025-08-27 00:00:00
11,USF SANTA PAULA,3,2025-08-27 00:00:00
11,USF COSTA E SILVA,4,2025-08-27 00:00:00
11,USF MARAJO,4,2025-08-27 00:00:00
11,USF SANTA PAULA,4,2025-08-27 00:00:00
11,USF TOFOLI,4,2025-08-27 00:00:00
12,EAP CHICO MENDES,,
12,EAP PLANALTO,,
12,EAP SANTA ANTONIETA,,
12,EAP SAO JUDAS,,
12,USF AEROPORTO,,
12,USF ALTANEIRA,,
12,USF ANIZ BADRA,,
12,USF ARGOLO FERRAO,,
12,USF AVENCAS/ AMADEU AMARAL,,
12,USF BANDEIRANTES,,
12,USF BANDEIRANTES II,,
12,USF CAMPO BELO,,
12,USF COSTA E SILVA,,
12,USF COSTA E SILVA II,,
12,USF FIGUERINHA,,
12,USF FLAMINGO,,
12,USF JANIO QUADROS,,
12,USF JARDIM AMERICA IV,,
12,USF JARDIM CAVALARI,,
12,USF JARDIM MARACA,,
12,USF JARDIM MARACA II,,
12,USF JARDIM MARILIA,,
12,USF JARDIM RENATA,,
12,USF JARDIM TERUEL,,
12,USF JK,,
12,USF JK II,,
12,USF JOQUEY CLUBE,,
12,USF JULIETA,,
12,USF LACIO,,
12,USF LEONEL DE MOURA BRIZOLA,,
12,USF LILIANA,,
12,USF MARAJO,,
12,USF NOVO HORIZONTE,,
12,USF PADRE NOBREGA,,
12,USF PADRE NOBREGA II,,
12,USF PALMITAL,,
12,USF PARQUE DOS IPES,,
12,USF PRIMAVERA/ NACOES/NOVA ALMEIDA,,
12,USF PRIMEIRO DE MAIO,,
12,USF ROSALIA,,
12,USF SANTA ANTONIETA II,,
12,USF SANTA ANTONIETA III,,
12,USF SANTA AUGUSTA,,
12,USF SANTA PAULA,,
12,USF SAO BENTO,,
12,USF SAO MIGUEL,,
12,USF SAO MIGUEL II,,
12,USF TOFOLI,,
12,USF TRES LAGOS,,
12,USF VIDA NOVA MARACA,,
12,USF VILA BARROS,,
12,USF VILA HIPICA,,
12,USF VILA NOVA,,
12,USF VILA REAL,,
12,USF VILA NOVA,1,2025-05-05 00:00:00
12,USF BANDEIRANTES II,1,2025-06-30 00:00:00
12,USF ARGOLO FERRAO,1,2025-07-15 00:00:00
12,USF SANTA PAULA,3,2025-08-27 00:00:00
